<?xml version="1.0" encoding="UTF-8"?>
<!DOCTYPE hibernate-configuration SYSTEM
    "classpath://org/hibernate/hibernate-configuration-3.0.dtd">
<hibernate-configuration>
 <session-factory>
  <property name="hibernate.connection.driver_class">org.gjt.mm.mysql.Driver</property>
  <property name="hibernate.connection.password">root</property>
  <property name="hibernate.connection.url">jdbc:mysql://localhost/test</property>
  <property name="hibernate.connection.username">root</property>
  <property name="hibernate.dialect">org.hibernate.dialect.MySQL5Dialect</property>
  <property name="cache.providerclass">org.hibernate.NoCacheProvider</property>
  <property name="hibernate.hbm2ddl.auto">create-drop</property>
  <property name="hibernate.connection.autocommit">true</property> 
  
  <mapping class="models.Angebot"/>
  <mapping class="models.Kundenauftrag"/>
  <mapping class="models.Fertigungsauftrag"/>
  <mapping class="models.Transportauftrag"/>
  <mapping class="models.Komponente"/>
 </session-factory>
</hibernate-configuration>